rcjs.rcjs.second_pagetitle,HomePagetitle
rcjs.returnSecondPage,HomePagetitle1
rcrest.second.bestpriceguarResume,dHomePagetitle
rcrest.second.onlinebooking,gee
rcrest.second.rentcars_in_p,geg
rcsite.common.homepage,hipogw
rcsite.second.5offinbillet,ojgpwglp
rcsite.second.7days,ouijogweo
rcsite.second.aboutus,kjgep
rcsite.second.accessyraccount,gege
rcsite.second.advrentcars,hy4eh
rcsite.second.affiliatesrentcars,heh
rcsite.second.appboxtop_apprentcars_title,igjregopijregoi
rcsite.second.apprentcars,lfwe
rcsite.second.apprentcars_android,HomePagetitle
